{
  "Guest_Book" : {
    "transaction" : "Guest_Book",
    "sampleCount" : 1802,
    "errorCount" : 0,
    "errorPct" : 0.0,
    "meanResTime" : 2.656492785793566,
    "medianResTime" : 1.0,
    "minResTime" : 0.0,
    "maxResTime" : 246.0,
    "pct1ResTime" : 2.0,
    "pct2ResTime" : 2.0,
    "pct3ResTime" : 51.91000000000008,
    "throughput" : 5.997929682429262,
    "receivedKBytesPerSec" : 27.844846241682948,
    "sentKBytesPerSec" : 1.8684956725536468
  },
  "CheckComment" : {
    "transaction" : "CheckComment",
    "sampleCount" : 1802,
    "errorCount" : 77,
    "errorPct" : 4.27303,
    "meanResTime" : 1.8357380688124298,
    "medianResTime" : 1.0,
    "minResTime" : 1.0,
    "maxResTime" : 162.0,
    "pct1ResTime" : 2.0,
    "pct2ResTime" : 2.0,
    "pct3ResTime" : 5.970000000000027,
    "throughput" : 5.998928049482834,
    "receivedKBytesPerSec" : 28.217083035800485,
    "sentKBytesPerSec" : 0.7967326315719389
  },
  "Open_Site-1" : {
    "transaction" : "Open_Site-1",
    "sampleCount" : 16,
    "errorCount" : 0,
    "errorPct" : 0.0,
    "meanResTime" : 14.75,
    "medianResTime" : 15.5,
    "minResTime" : 2.0,
    "maxResTime" : 71.0,
    "pct1ResTime" : 33.900000000000034,
    "pct2ResTime" : 71.0,
    "pct3ResTime" : 71.0,
    "throughput" : 0.05699101679097832,
    "receivedKBytesPerSec" : 1.2607592806308907,
    "sentKBytesPerSec" : 0.01981328318123856
  },
  "Guest_Book-192" : {
    "transaction" : "Guest_Book-192",
    "sampleCount" : 1802,
    "errorCount" : 0,
    "errorPct" : 0.0,
    "meanResTime" : 1.2069922308546057,
    "medianResTime" : 1.0,
    "minResTime" : 1.0,
    "maxResTime" : 6.0,
    "pct1ResTime" : 2.0,
    "pct2ResTime" : 2.0,
    "pct3ResTime" : 2.0,
    "throughput" : 5.998628504470676,
    "receivedKBytesPerSec" : 24.08910731494797,
    "sentKBytesPerSec" : 2.3607883665055494
  },
  "Open_Clients" : {
    "transaction" : "Open_Clients",
    "sampleCount" : 1802,
    "errorCount" : 0,
    "errorPct" : 0.0,
    "meanResTime" : 1.2203107658157637,
    "medianResTime" : 1.0,
    "minResTime" : 1.0,
    "maxResTime" : 10.0,
    "pct1ResTime" : 2.0,
    "pct2ResTime" : 2.0,
    "pct3ResTime" : 2.0,
    "throughput" : 5.997730048893815,
    "receivedKBytesPerSec" : 35.93514803567684,
    "sentKBytesPerSec" : 2.4307206741122394
  },
  "Open_GuestBook-62" : {
    "transaction" : "Open_GuestBook-62",
    "sampleCount" : 16,
    "errorCount" : 0,
    "errorPct" : 0.0,
    "meanResTime" : 1.4375,
    "medianResTime" : 1.0,
    "minResTime" : 1.0,
    "maxResTime" : 4.0,
    "pct1ResTime" : 2.6000000000000014,
    "pct2ResTime" : 4.0,
    "pct3ResTime" : 4.0,
    "throughput" : 0.057007464414871825,
    "receivedKBytesPerSec" : 0.22892059929096964,
    "sentKBytesPerSec" : 0.02243555484296225
  },
  "Intensivity" : {
    "transaction" : "Intensivity",
    "sampleCount" : 1818,
    "errorCount" : 0,
    "errorPct" : 0.0,
    "meanResTime" : 0.09460946094609478,
    "medianResTime" : 0.0,
    "minResTime" : 0.0,
    "maxResTime" : 2.0,
    "pct1ResTime" : 0.0,
    "pct2ResTime" : 1.0,
    "pct3ResTime" : 1.0,
    "throughput" : 6.045571236648532,
    "receivedKBytesPerSec" : 3.7158483055856686,
    "sentKBytesPerSec" : 0.0
  },
  "Open_Site" : {
    "transaction" : "Open_Site",
    "sampleCount" : 1818,
    "errorCount" : 0,
    "errorPct" : 0.0,
    "meanResTime" : 1.6941694169416932,
    "medianResTime" : 2.0,
    "minResTime" : 1.0,
    "maxResTime" : 71.0,
    "pct1ResTime" : 2.0,
    "pct2ResTime" : 2.0,
    "pct3ResTime" : 4.0,
    "throughput" : 6.0455511327926255,
    "receivedKBytesPerSec" : 133.74041574491133,
    "sentKBytesPerSec" : 2.1017736360099364
  },
  "Debug Sampler" : {
    "transaction" : "Debug Sampler",
    "sampleCount" : 1,
    "errorCount" : 0,
    "errorPct" : 0.0,
    "meanResTime" : 10.0,
    "medianResTime" : 10.0,
    "minResTime" : 10.0,
    "maxResTime" : 10.0,
    "pct1ResTime" : 10.0,
    "pct2ResTime" : 10.0,
    "pct3ResTime" : 10.0,
    "throughput" : 100.0,
    "receivedKBytesPerSec" : 39.84375,
    "sentKBytesPerSec" : 0.0
  },
  "JDBC Request" : {
    "transaction" : "JDBC Request",
    "sampleCount" : 1816,
    "errorCount" : 0,
    "errorPct" : 0.0,
    "meanResTime" : 0.9972466960352422,
    "medianResTime" : 1.0,
    "minResTime" : 0.0,
    "maxResTime" : 228.0,
    "pct1ResTime" : 1.0,
    "pct2ResTime" : 2.0,
    "pct3ResTime" : 2.0,
    "throughput" : 6.045735858604354,
    "receivedKBytesPerSec" : 31.20087228403806,
    "sentKBytesPerSec" : 0.0
  },
  "Open_GuestBook" : {
    "transaction" : "Open_GuestBook",
    "sampleCount" : 16,
    "errorCount" : 0,
    "errorPct" : 0.0,
    "meanResTime" : 3.6250000000000004,
    "medianResTime" : 3.0,
    "minResTime" : 2.0,
    "maxResTime" : 15.0,
    "pct1ResTime" : 7.300000000000008,
    "pct2ResTime" : 15.0,
    "pct3ResTime" : 15.0,
    "throughput" : 0.05700705818639171,
    "receivedKBytesPerSec" : 0.5907940949595072,
    "sentKBytesPerSec" : 0.04019442969782697
  },
  "Send_Comment-200" : {
    "transaction" : "Send_Comment-200",
    "sampleCount" : 1802,
    "errorCount" : 0,
    "errorPct" : 0.0,
    "meanResTime" : 1.8146503884572696,
    "medianResTime" : 1.0,
    "minResTime" : 1.0,
    "maxResTime" : 297.0,
    "pct1ResTime" : 2.0,
    "pct2ResTime" : 2.0,
    "pct3ResTime" : 3.9700000000000273,
    "throughput" : 5.998888108419416,
    "receivedKBytesPerSec" : 28.214801526104484,
    "sentKBytesPerSec" : 1.868794244712689
  },
  "Total" : {
    "transaction" : "Total",
    "sampleCount" : 16297,
    "errorCount" : 154,
    "errorPct" : 0.9449592,
    "meanResTime" : 1.5069644719887065,
    "medianResTime" : 1.0,
    "minResTime" : 0.0,
    "maxResTime" : 297.0,
    "pct1ResTime" : 2.0,
    "pct2ResTime" : 2.0,
    "pct3ResTime" : 5.0,
    "throughput" : 54.18930511867315,
    "receivedKBytesPerSec" : 315.1245275487378,
    "sentKBytesPerSec" : 14.933062304026373
  },
  "Open_GuestBook-66" : {
    "transaction" : "Open_GuestBook-66",
    "sampleCount" : 16,
    "errorCount" : 0,
    "errorPct" : 0.0,
    "meanResTime" : 2.1874999999999996,
    "medianResTime" : 2.0,
    "minResTime" : 1.0,
    "maxResTime" : 11.0,
    "pct1ResTime" : 5.400000000000006,
    "pct2ResTime" : 11.0,
    "pct3ResTime" : 11.0,
    "throughput" : 0.05700848001140169,
    "receivedKBytesPerSec" : 0.3618841525333143,
    "sentKBytesPerSec" : 0.017759477659801893
  },
  "Send_Comment-199" : {
    "transaction" : "Send_Comment-199",
    "sampleCount" : 1802,
    "errorCount" : 77,
    "errorPct" : 4.27303,
    "meanResTime" : 2.0471698113207593,
    "medianResTime" : 1.0,
    "minResTime" : 1.0,
    "maxResTime" : 241.0,
    "pct1ResTime" : 2.0,
    "pct2ResTime" : 3.849999999999909,
    "pct3ResTime" : 6.0,
    "throughput" : 5.99868841107993,
    "receivedKBytesPerSec" : 1.822254136373623,
    "sentKBytesPerSec" : 3.482474428801361
  },
  "Transaction Controller" : {
    "transaction" : "Transaction Controller",
    "sampleCount" : 1802,
    "errorCount" : 77,
    "errorPct" : 4.27303,
    "meanResTime" : 13.432852386237519,
    "medianResTime" : 10.0,
    "minResTime" : 7.0,
    "maxResTime" : 368.0,
    "pct1ResTime" : 13.0,
    "pct2ResTime" : 15.0,
    "pct3ResTime" : 123.73000000000025,
    "throughput" : 5.99208592425099,
    "receivedKBytesPerSec" : 312.806214513434,
    "sentKBytesPerSec" : 14.877648633117746
  }
}